{
  "overall_score": 0.965272231579118,
  "balanced_score": 0.7425466994140131,
  "all_scores": [
    0.9601063829787234,
    0.9549071618037135,
    0.9761273209549072,
    0.9602122015915119,
    0.9681697612732095,
    0.9576719576719577,
    0.9630606860158312,
    0.9602122015915119,
    0.9734748010610079,
    0.9787798408488063
  ],
  "all_balanced_scores": [
    0.6942357433181426,
    0.7523949889462049,
    0.8246745271432081,
    0.714566445590764,
    0.788833805476865,
    0.6521739130434783,
    0.6956521739130435,
    0.6739130434782609,
    0.7826086956521738,
    0.8464136575779906
  ],
  "execution_time": 1.770179271697998
}