{
  "overall_score": 0.9239305406476352,
  "balanced_score": 0.5899369854956202,
  "all_scores": [
    0.9253333333333333,
    0.9153439153439153,
    0.9363395225464191,
    0.9204244031830239,
    0.9285714285714286,
    0.9047619047619048,
    0.917989417989418,
    0.917989417989418,
    0.9204244031830239,
    0.9521276595744681
  ],
  "all_balanced_scores": [
    0.6190347787496279,
    0.6301761647033853,
    0.6488505747126436,
    0.5645593869731801,
    0.5155121567050386,
    0.46155291572714435,
    0.4788544668587896,
    0.5754587040667571,
    0.6411373260738052,
    0.7642333803858304
  ],
  "execution_time": 1.7149536609649658,
  "train_execution_time": 0.21718120574951172,
  "test_execution_time": 1.4717957973480225
}