{
  "overall_score": 0.84796142740985,
  "balanced_score": 0.4990365679279526,
  "all_scores": [
    0.8026666666666666,
    0.828042328042328,
    0.9177718832891246,
    0.9310344827586207,
    0.8412698412698413,
    0.8333333333333334,
    0.9153439153439153,
    0.9206349206349206,
    0.9416445623342176,
    0.5478723404255319
  ],
  "all_balanced_scores": [
    0.5416800085387982,
    0.5154409423750398,
    0.5478927203065135,
    0.4444444444444444,
    0.41722381407195164,
    0.5530715503492273,
    0.3581772334293948,
    0.49426934097421205,
    0.5990421455938697,
    0.5191234791960745
  ],
  "execution_time": 614.3642945289612,
  "train_execution_time": 614.0684728622437,
  "test_execution_time": 0.25985240936279297
}