{
  "overall_score": 0.9276454906713895,
  "balanced_score": 0.608128059934234,
  "all_scores": [
    0.9306666666666666,
    0.917989417989418,
    0.9283819628647215,
    0.9522546419098143,
    0.9259259259259259,
    0.9074074074074074,
    0.9021164021164021,
    0.9338624338624338,
    0.9283819628647215,
    0.949468085106383
  ],
  "all_balanced_scores": [
    0.7262753425350118,
    0.5589674201422052,
    0.6256066411238825,
    0.686015325670498,
    0.5147958243268151,
    0.46251077013327463,
    0.45097262247838615,
    0.5977781129040366,
    0.7087618471466021,
    0.7495966928816293
  ],
  "execution_time": 1.614457130432129,
  "train_execution_time": 0.03242301940917969,
  "test_execution_time": 1.5531549453735352
}