{
  "overall_score": 0.9642112236215583,
  "balanced_score": 0.7399490575569756,
  "all_scores": [
    0.9601063829787234,
    0.9496021220159151,
    0.9761273209549072,
    0.9602122015915119,
    0.9681697612732095,
    0.9576719576719577,
    0.9630606860158312,
    0.9575596816976127,
    0.9761273209549072,
    0.9734748010610079
  ],
  "all_balanced_scores": [
    0.6942357433181426,
    0.7292434291328912,
    0.8246745271432081,
    0.714566445590764,
    0.788833805476865,
    0.6521739130434783,
    0.6956521739130435,
    0.6725006140997298,
    0.8043478260869565,
    0.823262097764677
  ],
  "execution_time": 1.5380942821502686
}