{
  "overall_score": 0.9642133362612352,
  "balanced_score": 0.7461380431972201,
  "all_scores": [
    0.9654255319148937,
    0.9549071618037135,
    0.9708222811671088,
    0.9681697612732095,
    0.9628647214854111,
    0.955026455026455,
    0.9630606860158312,
    0.9549071618037135,
    0.9708222811671088,
    0.9761273209549072
  ],
  "all_balanced_scores": [
    0.7377140041877078,
    0.7320682878899534,
    0.8015229673298945,
    0.7797838368951118,
    0.7665840415486307,
    0.6710961420698102,
    0.6956521739130435,
    0.6710881847211987,
    0.7811962662736428,
    0.8246745271432081
  ],
  "execution_time": 1.8277685642242432
}