{
  "overall_score": 0.9355890495390863,
  "balanced_score": 0.4799848965299537,
  "all_scores": [
    0.9386666666666666,
    0.9285714285714286,
    0.9442970822281167,
    0.9310344827586207,
    0.9365079365079365,
    0.9259259259259259,
    0.9285714285714286,
    0.9365079365079365,
    0.9363395225464191,
    0.949468085106383
  ],
  "all_balanced_scores": [
    0.5185185185185185,
    0.47957126180621884,
    0.5685185185185185,
    0.42407407407407405,
    0.3888888888888889,
    0.4105253991823865,
    0.3617795389048991,
    0.5165887498114915,
    0.4842105263157895,
    0.6471734892787524
  ],
  "execution_time": 1.5283665657043457
}