{
  "overall_score": 0.9578535557522718,
  "balanced_score": 0.7751830903190413,
  "all_scores": [
    0.9521276595744681,
    0.9496021220159151,
    0.9549071618037135,
    0.9628647214854111,
    0.9496021220159151,
    0.9603174603174603,
    0.941952506596306,
    0.9734748010610079,
    0.9628647214854111,
    0.9708222811671088
  ],
  "all_balanced_scores": [
    0.7712772508929671,
    0.7902235323016458,
    0.7523949889462049,
    0.7769589781380496,
    0.778918791312559,
    0.75523576240049,
    0.7047508549096239,
    0.823262097764677,
    0.7566322770817981,
    0.8421763694423974
  ],
  "execution_time": 1.474003791809082
}