{
  "overall_score": 0.9689808473566993,
  "balanced_score": 0.8436716033101159,
  "all_scores": [
    0.9601063829787234,
    0.9602122015915119,
    0.9681697612732095,
    0.9787798408488063,
    0.9628647214854111,
    0.9761904761904762,
    0.9630606860158312,
    0.9734748010610079,
    0.9708222811671088,
    0.9761273209549072
  ],
  "all_balanced_scores": [
    0.7958492425175514,
    0.8568533529845246,
    0.8204372390076149,
    0.9073937607467453,
    0.8830854579792257,
    0.8653398652786283,
    0.776990718124084,
    0.823262097764677,
    0.8421763694423974,
    0.8653279292557111
  ],
  "execution_time": 5.484920501708984,
  "train_execution_time": 0.056607723236083984,
  "test_execution_time": 5.391454458236694
}