{
  "overall_score": 0.9345329798730386,
  "balanced_score": 0.5347113210535853,
  "all_scores": [
    0.9466666666666667,
    0.9312169312169312,
    0.9416445623342176,
    0.9283819628647215,
    0.9312169312169312,
    0.9285714285714286,
    0.9259259259259259,
    0.9312169312169312,
    0.9363395225464191,
    0.9441489361702128
  ],
  "all_balanced_scores": [
    0.6101364522417154,
    0.5119494853019209,
    0.6397190293742018,
    0.5313537675606641,
    0.3998977864910605,
    0.4574144347284093,
    0.4213976945244957,
    0.5312672799477203,
    0.5821334946561807,
    0.6618437857094844
  ],
  "execution_time": 1.900214433670044
}