{
  "overall_score": 0.9628884537245488,
  "balanced_score": 0.7452526517191869,
  "all_scores": [
    0.9547872340425532,
    0.946949602122016,
    0.9761273209549072,
    0.9628647214854111,
    0.9708222811671088,
    0.955026455026455,
    0.9551451187335093,
    0.9549071618037135,
    0.9761273209549072,
    0.9761273209549072
  ],
  "all_balanced_scores": [
    0.6710801822884591,
    0.7278309997543602,
    0.8246745271432081,
    0.7363055760255466,
    0.8096671388101984,
    0.6507654623392529,
    0.6914386907669761,
    0.6710881847211987,
    0.8246745271432081,
    0.8450012281994597
  ],
  "execution_time": 1.5296599864959717
}