{
  "overall_score": 0.9671296823584624,
  "balanced_score": 0.7797635190301978,
  "all_scores": [
    0.9547872340425532,
    0.9602122015915119,
    0.9761273209549072,
    0.9681697612732095,
    0.9814323607427056,
    0.9603174603174603,
    0.9577836411609498,
    0.9681697612732095,
    0.9681697612732095,
    0.9761273209549072
  ],
  "all_balanced_scores": [
    0.7117255819682227,
    0.7348931466470154,
    0.8246745271432081,
    0.8001105379513633,
    0.8735835694050991,
    0.7145744029393754,
    0.7131778212017587,
    0.7594571358388602,
    0.8407639400638663,
    0.8246745271432081
  ],
  "execution_time": 18.348785400390625,
  "train_execution_time": 16.51312232017517,
  "test_execution_time": 1.8055782318115234
}