{
  "overall_score": 0.966335348473321,
  "balanced_score": 0.7572509735617382,
  "all_scores": [
    0.9654255319148937,
    0.9681697612732095,
    0.9681697612732095,
    0.9628647214854111,
    0.9734748010610079,
    0.9603174603174603,
    0.9604221635883905,
    0.9628647214854111,
    0.9681697612732095,
    0.9734748010610079
  ],
  "all_balanced_scores": [
    0.7580367040275896,
    0.7797838368951118,
    0.7797838368951118,
    0.7363055760255466,
    0.8110835694050991,
    0.6942437232088181,
    0.6942476795310211,
    0.715978874969295,
    0.8001105379513633,
    0.8029353967084254
  ],
  "execution_time": 28.842546939849854,
  "train_execution_time": 26.295249223709106,
  "test_execution_time": 2.5070955753326416
}