{
  "overall_score": 0.9310691725409994,
  "balanced_score": 0.4269522498309179,
  "all_scores": [
    0.928,
    0.9338624338624338,
    0.9230769230769231,
    0.9310344827586207,
    0.9391534391534392,
    0.9285714285714286,
    0.9285714285714286,
    0.9285714285714286,
    0.9363395225464191,
    0.9335106382978723
  ],
  "all_balanced_scores": [
    0.3703703703703704,
    0.5536453358802929,
    0.3333333333333333,
    0.4444444444444444,
    0.41666666666666663,
    0.42424242424242425,
    0.35,
    0.39999999999999997,
    0.532375478927203,
    0.4444444444444444
  ],
  "execution_time": 25.995085954666138,
  "train_execution_time": 23.875722885131836,
  "test_execution_time": 2.08236026763916
}