{
  "overall_score": 0.9321372389247664,
  "balanced_score": 0.44510039797906603,
  "all_scores": [
    0.9386666666666666,
    0.9312169312169312,
    0.9336870026525199,
    0.9336870026525199,
    0.9365079365079365,
    0.9259259259259259,
    0.9232804232804233,
    0.9338624338624338,
    0.9336870026525199,
    0.9308510638297872
  ],
  "all_balanced_scores": [
    0.5185185185185185,
    0.5166082988432559,
    0.48148148148148145,
    0.48148148148148145,
    0.3888888888888889,
    0.4232845698362939,
    0.3,
    0.4666666666666666,
    0.4666666666666666,
    0.40740740740740744
  ],
  "execution_time": 13.984229564666748,
  "train_execution_time": 12.674918413162231,
  "test_execution_time": 1.2831032276153564
}