{
  "overall_score": 0.967656700019881,
  "balanced_score": 0.8068314458661027,
  "all_scores": [
    0.9627659574468085,
    0.9549071618037135,
    0.9734748010610079,
    0.9734748010610079,
    0.9681697612732095,
    0.9656084656084656,
    0.9656992084432717,
    0.9655172413793104,
    0.9655172413793104,
    0.9814323607427056
  ],
  "all_balanced_scores": [
    0.7769429732725706,
    0.7523949889462049,
    0.8639154998771801,
    0.8639154998771801,
    0.788833805476865,
    0.7783833435394978,
    0.7377259404005863,
    0.7580447064603292,
    0.8596782117415869,
    0.8884794890690249
  ],
  "execution_time": 27.607542991638184,
  "train_execution_time": 25.983370304107666,
  "test_execution_time": 1.58585786819458
}