{
  "overall_score": 0.9594408758547406,
  "balanced_score": 0.765775846674318,
  "all_scores": [
    0.9521276595744681,
    0.9442970822281167,
    0.9575596816976127,
    0.9655172413793104,
    0.9602122015915119,
    0.9497354497354498,
    0.9551451187335093,
    0.9628647214854111,
    0.9681697612732095,
    0.9787798408488063
  ],
  "all_balanced_scores": [
    0.7103091513733218,
    0.726418570375829,
    0.7741341193809874,
    0.7783714075165806,
    0.8040014164305949,
    0.708940600122474,
    0.7117733268197362,
    0.7566322770817981,
    0.8204372390076149,
    0.8667403586342421
  ],
  "execution_time": 1.9364068508148193
}