{
  "overall_score": 0.9604990805864297,
  "balanced_score": 0.758208951125565,
  "all_scores": [
    0.949468085106383,
    0.946949602122016,
    0.9628647214854111,
    0.9681697612732095,
    0.9655172413793104,
    0.9470899470899471,
    0.9604221635883905,
    0.9602122015915119,
    0.9655172413793104,
    0.9787798408488063
  ],
  "all_balanced_scores": [
    0.708892720778421,
    0.7278309997543602,
    0.7972856791943012,
    0.7797838368951118,
    0.8068342776203966,
    0.6872014696876914,
    0.7145823155837812,
    0.7348931466470154,
    0.7783714075165806,
    0.8464136575779906
  ],
  "execution_time": 1.733834981918335
}