{
  "overall_score": 0.921022596674541,
  "balanced_score": 0.5802792185211418,
  "all_scores": [
    0.928,
    0.9074074074074074,
    0.9257294429708223,
    0.9310344827586207,
    0.9206349206349206,
    0.8968253968253969,
    0.9047619047619048,
    0.917989417989418,
    0.9310344827586207,
    0.9468085106382979
  ],
  "all_balanced_scores": [
    0.6726550606423198,
    0.5551469807916799,
    0.6293103448275862,
    0.5998084291187739,
    0.45924026877125956,
    0.46250618709783864,
    0.43847262247838614,
    0.5754587040667571,
    0.6615547489413188,
    0.7486388384754991
  ],
  "execution_time": 1.486689567565918
}