{
  "overall_score": 0.9650076925123046,
  "balanced_score": 0.8495970454295921,
  "all_scores": [
    0.9680851063829787,
    0.9522546419098143,
    0.9655172413793104,
    0.9655172413793104,
    0.9761273209549072,
    0.9629629629629629,
    0.9630606860158312,
    0.9681697612732095,
    0.9681697612732095,
    0.9602122015915119
  ],
  "all_balanced_scores": [
    0.8407439339820175,
    0.8526160648489314,
    0.8393515106853353,
    0.8393515106853353,
    0.9095845136921624,
    0.7769748928352724,
    0.8176599902296042,
    0.8001105379513633,
    0.942397445345124,
    0.8771800540407763
  ],
  "execution_time": 1.5870435237884521,
  "train_execution_time": 0.025931596755981445,
  "test_execution_time": 1.5323376655578613
}