{
  "overall_score": 0.9634161730812616,
  "balanced_score": 0.7375844319502277,
  "all_scores": [
    0.9601063829787234,
    0.9575596816976127,
    0.9708222811671088,
    0.9628647214854111,
    0.9681697612732095,
    0.9497354497354498,
    0.9656992084432717,
    0.9549071618037135,
    0.9681697612732095,
    0.9761273209549072
  ],
  "all_balanced_scores": [
    0.7145584431580244,
    0.7334807172684844,
    0.8015229673298945,
    0.7363055760255466,
    0.7694169027384324,
    0.6479485609308022,
    0.717391304347826,
    0.6507614836649471,
    0.7797838368951118,
    0.8246745271432081
  ],
  "execution_time": 1.510307788848877
}