{
  "overall_score": 0.9257901152053023,
  "balanced_score": 0.5980208464262132,
  "all_scores": [
    0.9253333333333333,
    0.91005291005291,
    0.9336870026525199,
    0.9389920424403183,
    0.9206349206349206,
    0.91005291005291,
    0.9153439153439153,
    0.9206349206349206,
    0.9283819628647215,
    0.9547872340425532
  ],
  "all_balanced_scores": [
    0.671694445848852,
    0.5921840178287169,
    0.6478927203065133,
    0.6701787994891443,
    0.45924026877125956,
    0.463468624539405,
    0.4538544668587896,
    0.5764138139043884,
    0.644010889292196,
    0.8012704174228675
  ],
  "execution_time": 2.278841257095337,
  "train_execution_time": 0.25803327560424805,
  "test_execution_time": 1.9903697967529297
}