{
  "overall_score": 0.9342747675573795,
  "balanced_score": 0.5383195949068227,
  "all_scores": [
    0.9493333333333334,
    0.9259259259259259,
    0.946949602122016,
    0.9230769230769231,
    0.9285714285714286,
    0.9232804232804233,
    0.9312169312169312,
    0.9259259259259259,
    0.9363395225464191,
    0.9521276595744681
  ],
  "all_balanced_scores": [
    0.6471734892787524,
    0.5100392656266582,
    0.6416347381864623,
    0.44157088122605365,
    0.41162301647145566,
    0.43891272067315623,
    0.43389769452449567,
    0.5617352837681597,
    0.5987194998991732,
    0.6978893594138603
  ],
  "execution_time": 2.1000070571899414
}