{
  "overall_score": 0.9045557832130099,
  "balanced_score": 0.6578808605841868,
  "all_scores": [
    0.904,
    0.9391534391534392,
    0.8779840848806366,
    0.8673740053050398,
    0.91005291005291,
    0.9417989417989417,
    0.8783068783068783,
    0.8835978835978836,
    0.9230769230769231,
    0.9202127659574468
  ],
  "all_balanced_scores": [
    0.7303425069237294,
    0.7016183805582087,
    0.7424010217113666,
    0.5925287356321839,
    0.4541966185760485,
    0.7377907935984162,
    0.4908861671469741,
    0.6136078017393053,
    0.6934462593264771,
    0.8219903206291591
  ],
  "execution_time": 884.0529189109802,
  "train_execution_time": 883.7103524208069,
  "test_execution_time": 0.31263256072998047
}