{
  "overall_score": 0.9631509173888382,
  "balanced_score": 0.7476049413081589,
  "all_scores": [
    0.9601063829787234,
    0.9522546419098143,
    0.9708222811671088,
    0.9681697612732095,
    0.9628647214854111,
    0.955026455026455,
    0.9630606860158312,
    0.9522546419098143,
    0.9734748010610079,
    0.9734748010610079
  ],
  "all_balanced_scores": [
    0.7348811429979061,
    0.7306558585114222,
    0.8015229673298945,
    0.7797838368951118,
    0.7665840415486307,
    0.6710961420698102,
    0.6956521739130435,
    0.6696757553426677,
    0.8029353967084254,
    0.823262097764677
  ],
  "execution_time": 1.6493020057678223
}