{
  "overall_score": 0.9604779504570825,
  "balanced_score": 0.8106892462387837,
  "all_scores": [
    0.8936170212765957,
    0.9602122015915119,
    0.9761273209549072,
    0.9575596816976127,
    0.9681697612732095,
    0.9708994708994709,
    0.9604221635883905,
    0.9840848806366048,
    0.9628647214854111,
    0.9708222811671088
  ],
  "all_balanced_scores": [
    0.5572114792462126,
    0.8568533529845246,
    0.8653279292557111,
    0.7741341193809874,
    0.8859183191690274,
    0.8218616044090631,
    0.7552515876893013,
    0.8695652173913043,
    0.8582657823630557,
    0.8625030704986489
  ],
  "execution_time": 1.5655229091644287,
  "train_execution_time": 0.012627601623535156,
  "test_execution_time": 1.5243017673492432
}