{
  "overall_score": 0.9377075643250258,
  "balanced_score": 0.4962523049514945,
  "all_scores": [
    0.9413333333333334,
    0.9365079365079365,
    0.9416445623342176,
    0.9310344827586207,
    0.9365079365079365,
    0.9312169312169312,
    0.9312169312169312,
    0.9365079365079365,
    0.9442970822281167,
    0.9468085106382979
  ],
  "all_balanced_scores": [
    0.5555555555555555,
    0.4981481481481482,
    0.5314814814814814,
    0.4444444444444444,
    0.3888888888888889,
    0.441786283891547,
    0.38677953890489913,
    0.5331774996229829,
    0.5526315789473685,
    0.6296296296296297
  ],
  "execution_time": 2.127366781234741
}