{
  "overall_score": 0.9610309880444342,
  "balanced_score": 0.7322486920543273,
  "all_scores": [
    0.9521276595744681,
    0.9549071618037135,
    0.9708222811671088,
    0.9628647214854111,
    0.9681697612732095,
    0.9497354497354498,
    0.9577836411609498,
    0.9522546419098143,
    0.9655172413793104,
    0.9761273209549072
  ],
  "all_balanced_scores": [
    0.6899864515334401,
    0.7320682878899534,
    0.8015229673298945,
    0.7363055760255466,
    0.7694169027384324,
    0.6479485609308022,
    0.6928431851489986,
    0.6493490542864162,
    0.7580447064603292,
    0.8450012281994597
  ],
  "execution_time": 1.4943783283233643
}