{
  "overall_score": 0.9369195609830241,
  "balanced_score": 0.5262674708592158,
  "all_scores": [
    0.9466666666666667,
    0.9312169312169312,
    0.9442970822281167,
    0.9230769230769231,
    0.9365079365079365,
    0.9259259259259259,
    0.9365079365079365,
    0.9312169312169312,
    0.9389920424403183,
    0.9547872340425532
  ],
  "all_balanced_scores": [
    0.6101364522417154,
    0.5119494853019209,
    0.6045977011494252,
    0.44157088122605365,
    0.4137720136061261,
    0.43987057507928645,
    0.4117795389048991,
    0.5636455034434223,
    0.583091349062311,
    0.682261208576998
  ],
  "execution_time": 2.039219617843628
}