{
  "overall_score": 0.9665935794226446,
  "balanced_score": 0.8525669593728301,
  "all_scores": [
    0.9574468085106383,
    0.9442970822281167,
    0.9708222811671088,
    0.9681697612732095,
    0.9761273209549072,
    0.9682539682539683,
    0.9656992084432717,
    0.986737400530504,
    0.9708222811671088,
    0.9575596816976127
  ],
  "all_balanced_scores": [
    0.7741101120827688,
    0.7670719724883321,
    0.9031564726111521,
    0.8610906411201179,
    0.89016761095373,
    0.8204531537048377,
    0.8190644846116268,
    0.9116310488823385,
    0.9234831736674036,
    0.8554409236059937
  ],
  "execution_time": 1.54408860206604,
  "train_execution_time": 0.02326226234436035,
  "test_execution_time": 1.4932379722595215
}