{
  "overall_score": 0.9612983452378886,
  "balanced_score": 0.7404316271932545,
  "all_scores": [
    0.9547872340425532,
    0.9522546419098143,
    0.9708222811671088,
    0.9628647214854111,
    0.9708222811671088,
    0.9497354497354498,
    0.9551451187335093,
    0.9522546419098143,
    0.9681697612732095,
    0.9761273209549072
  ],
  "all_balanced_scores": [
    0.6914028821283409,
    0.7306558585114222,
    0.8015229673298945,
    0.7363055760255466,
    0.7902502360717658,
    0.6682792406613595,
    0.6914386907669761,
    0.6493490542864162,
    0.8001105379513633,
    0.8450012281994597
  ],
  "execution_time": 1.5394773483276367
}