{
  "overall_score": 0.928686820413086,
  "balanced_score": 0.6151046412102066,
  "all_scores": [
    0.9253333333333333,
    0.9126984126984127,
    0.9124668435013262,
    0.9336870026525199,
    0.9656084656084656,
    0.9391534391534392,
    0.91005291005291,
    0.917989417989418,
    0.9257294429708223,
    0.9441489361702128
  ],
  "all_balanced_scores": [
    0.671694445848852,
    0.5931391276663484,
    0.6245210727969348,
    0.6839719029374202,
    0.6169883878751319,
    0.5862802251187006,
    0.4406340057636887,
    0.5754587040667571,
    0.6106775559588626,
    0.7476809840693689
  ],
  "execution_time": 1.6382474899291992,
  "train_execution_time": 0.11376333236694336,
  "test_execution_time": 1.4977467060089111
}