{
  "overall_score": 0.9347932823433192,
  "balanced_score": 0.5353456437084738,
  "all_scores": [
    0.936,
    0.9365079365079365,
    0.946949602122016,
    0.9230769230769231,
    0.9285714285714286,
    0.9312169312169312,
    0.9285714285714286,
    0.9259259259259259,
    0.9416445623342176,
    0.949468085106383
  ],
  "all_balanced_scores": [
    0.5341411485807057,
    0.59068237291733,
    0.6730523627075352,
    0.4369093231162197,
    0.3867398917542184,
    0.5132358063392546,
    0.42283861671469736,
    0.4961795606494747,
    0.6164246823956443,
    0.6832526719096593
  ],
  "execution_time": 33.91463541984558,
  "train_execution_time": 32.240323066711426,
  "test_execution_time": 1.631028652191162
}