{
  "overall_score": 0.9355939840681587,
  "balanced_score": 0.4951992578699368,
  "all_scores": [
    0.944,
    0.9259259259259259,
    0.9442970822281167,
    0.9310344827586207,
    0.9365079365079365,
    0.9232804232804233,
    0.9259259259259259,
    0.9365079365079365,
    0.9389920424403183,
    0.949468085106383
  ],
  "all_balanced_scores": [
    0.5730994152046783,
    0.4786161519685875,
    0.5685185185185185,
    0.42407407407407405,
    0.4013304512475075,
    0.45549872591614876,
    0.3853386167146974,
    0.5165887498114915,
    0.5017543859649122,
    0.6471734892787524
  ],
  "execution_time": 1.793156623840332
}