{
  "overall_score": 0.9628884574571277,
  "balanced_score": 0.7595707195495904,
  "all_scores": [
    0.9574468085106383,
    0.9522546419098143,
    0.9655172413793104,
    0.9655172413793104,
    0.9602122015915119,
    0.9576719576719577,
    0.9551451187335093,
    0.9602122015915119,
    0.9734748010610079,
    0.9814323607427056
  ],
  "all_balanced_scores": [
    0.7131420125631235,
    0.7509825595676738,
    0.7783714075165806,
    0.7580447064603292,
    0.7845845136921624,
    0.6928352725045928,
    0.6914386907669761,
    0.714566445590764,
    0.823262097764677,
    0.8884794890690249
  ],
  "execution_time": 3.1129820346832275
}