{
  "overall_score": 0.9345308559460431,
  "balanced_score": 0.4990551643208727,
  "all_scores": [
    0.9386666666666666,
    0.9259259259259259,
    0.9416445623342176,
    0.9257294429708223,
    0.9312169312169312,
    0.9259259259259259,
    0.9338624338624338,
    0.9338624338624338,
    0.9336870026525199,
    0.9547872340425532
  ],
  "all_balanced_scores": [
    0.5185185185185185,
    0.4786161519685875,
    0.5879310344827586,
    0.4582375478927203,
    0.3874562241324419,
    0.4105253991823865,
    0.38677953890489913,
    0.5480118634695622,
    0.5322141560798549,
    0.682261208576998
  ],
  "execution_time": 1.5640811920166016
}