{
  "overall_score": 0.966598499020771,
  "balanced_score": 0.8547795862986239,
  "all_scores": [
    0.9680851063829787,
    0.9628647214854111,
    0.9655172413793104,
    0.9734748010610079,
    0.9602122015915119,
    0.9708994708994709,
    0.9604221635883905,
    0.9681697612732095,
    0.9681697612732095,
    0.9681697612732095
  ],
  "all_balanced_scores": [
    0.8407439339820175,
    0.8989191844755589,
    0.8393515106853353,
    0.9248956030459347,
    0.84283522190746,
    0.8015309246785058,
    0.7959208597948217,
    0.8204372390076149,
    0.9017440432326209,
    0.8814173421763695
  ],
  "execution_time": 1.5162444114685059,
  "train_execution_time": 0.020487070083618164,
  "test_execution_time": 1.468416690826416
}