{
  "overall_score": 0.9591749184079321,
  "balanced_score": 0.7615692635252145,
  "all_scores": [
    0.949468085106383,
    0.9442970822281167,
    0.9602122015915119,
    0.9655172413793104,
    0.9628647214854111,
    0.9497354497354498,
    0.9551451187335093,
    0.9602122015915119,
    0.9655172413793104,
    0.9787798408488063
  ],
  "all_balanced_scores": [
    0.708892720778421,
    0.726418570375829,
    0.7755465487595186,
    0.7783714075165806,
    0.8054178470254958,
    0.708940600122474,
    0.7117733268197362,
    0.7348931466470154,
    0.7986981085728322,
    0.8667403586342421
  ],
  "execution_time": 1.5411052703857422
}