{
  "overall_score": 0.9361244917795176,
  "balanced_score": 0.5036122443591483,
  "all_scores": [
    0.944,
    0.9259259259259259,
    0.9416445623342176,
    0.9310344827586207,
    0.9365079365079365,
    0.9232804232804233,
    0.9259259259259259,
    0.9391534391534392,
    0.9416445623342176,
    0.9521276595744681
  ],
  "all_balanced_scores": [
    0.5730994152046783,
    0.4786161519685875,
    0.5518518518518519,
    0.42407407407407405,
    0.4013304512475075,
    0.45549872591614876,
    0.3853386167146974,
    0.5499220831448248,
    0.5516737245412381,
    0.6647173489278752
  ],
  "execution_time": 1.5115699768066406
}