{
  "overall_score": 0.9681956173497609,
  "balanced_score": 0.8432514643392535,
  "all_scores": [
    0.9680851063829787,
    0.9708222811671088,
    0.9787798408488063,
    0.9708222811671088,
    0.9708222811671088,
    0.9603174603174603,
    0.9551451187335093,
    0.9734748010610079,
    0.9681697612732095,
    0.9655172413793104
  ],
  "all_balanced_scores": [
    0.8204212341421357,
    0.9031564726111521,
    0.8667403586342421,
    0.8625030704986489,
    0.8873347497639282,
    0.7755664421310471,
    0.7321079628724964,
    0.8639154998771801,
    0.8610906411201179,
    0.8596782117415869
  ],
  "execution_time": 2.3579466342926025,
  "train_execution_time": 0.02049875259399414,
  "test_execution_time": 2.3055994510650635
}