{
  "overall_score": 0.9605088900106875,
  "balanced_score": 0.7944378502081786,
  "all_scores": [
    0.9574468085106383,
    0.9549071618037135,
    0.9575596816976127,
    0.9602122015915119,
    0.9602122015915119,
    0.955026455026455,
    0.941952506596306,
    0.9734748010610079,
    0.9681697612732095,
    0.9761273209549072
  ],
  "all_balanced_scores": [
    0.753787412242887,
    0.8133750921149594,
    0.7741341193809874,
    0.7348931466470154,
    0.8816690273843248,
    0.7320881812614819,
    0.7047508549096239,
    0.823262097764677,
    0.8407639400638663,
    0.8856546303119627
  ],
  "execution_time": 1.7317945957183838
}