{
  "overall_score": 0.9252596186916804,
  "balanced_score": 0.6013475797945615,
  "all_scores": [
    0.9253333333333333,
    0.91005291005291,
    0.9363395225464191,
    0.9257294429708223,
    0.9206349206349206,
    0.91005291005291,
    0.917989417989418,
    0.9232804232804233,
    0.9230769230769231,
    0.9601063829787234
  ],
  "all_balanced_scores": [
    0.671694445848852,
    0.5921840178287169,
    0.6488505747126436,
    0.6182630906768839,
    0.5009215972117496,
    0.463468624539405,
    0.4788544668587896,
    0.5939576735535113,
    0.6420951804799354,
    0.803186126235128
  ],
  "execution_time": 2.6609175205230713,
  "train_execution_time": 0.27433085441589355,
  "test_execution_time": 2.354506015777588
}