{
  "overall_score": 0.9252553934123269,
  "balanced_score": 0.5992195157560831,
  "all_scores": [
    0.9253333333333333,
    0.917989417989418,
    0.9310344827586207,
    0.9416445623342176,
    0.9126984126984127,
    0.9074074074074074,
    0.9153439153439153,
    0.9338624338624338,
    0.9177718832891246,
    0.949468085106383
  ],
  "all_balanced_scores": [
    0.7243541129480763,
    0.5589674201422052,
    0.6422733077905491,
    0.6146871008939975,
    0.5112141624356976,
    0.46251077013327463,
    0.49063400576368876,
    0.5977781129040366,
    0.640179471667675,
    0.7495966928816293
  ],
  "execution_time": 1.9625778198242188,
  "train_execution_time": 0.03669881820678711,
  "test_execution_time": 1.8931820392608643
}