{
  "overall_score": 0.9337428264162673,
  "balanced_score": 0.5310187094827434,
  "all_scores": [
    0.9386666666666666,
    0.917989417989418,
    0.9442970822281167,
    0.9336870026525199,
    0.9312169312169312,
    0.9206349206349206,
    0.9285714285714286,
    0.9285714285714286,
    0.9336870026525199,
    0.9601063829787234
  ],
  "all_balanced_scores": [
    0.5711781856177427,
    0.5071739361137643,
    0.6045977011494252,
    0.5286079182630906,
    0.4123393488496791,
    0.437954866267026,
    0.43317723342939485,
    0.5461016437942995,
    0.5322141560798549,
    0.7368421052631579
  ],
  "execution_time": 1.7778608798980713
}