{
  "overall_score": 0.961028188580688,
  "balanced_score": 0.7222645138445488,
  "all_scores": [
    0.9547872340425532,
    0.9575596816976127,
    0.9734748010610079,
    0.9575596816976127,
    0.9602122015915119,
    0.9576719576719577,
    0.9604221635883905,
    0.9496021220159151,
    0.9655172413793104,
    0.9734748010610079
  ],
  "all_balanced_scores": [
    0.6914028821283409,
    0.7334807172684844,
    0.8029353967084254,
    0.7131540162122328,
    0.726333805476865,
    0.6521739130434783,
    0.6942476795310211,
    0.6276099238516335,
    0.7580447064603292,
    0.823262097764677
  ],
  "execution_time": 2.0132758617401123
}