{
  "overall_score": 0.9573146458284588,
  "balanced_score": 0.7485656995115714,
  "all_scores": [
    0.9468085106382979,
    0.9416445623342176,
    0.9655172413793104,
    0.9575596816976127,
    0.9575596816976127,
    0.955026455026455,
    0.9577836411609498,
    0.9549071618037135,
    0.9575596816976127,
    0.9787798408488063
  ],
  "all_balanced_scores": [
    0.6871535903436384,
    0.725006140997298,
    0.7986981085728322,
    0.7334807172684844,
    0.763751180358829,
    0.7117575015309247,
    0.753847093307279,
    0.6914148857774502,
    0.7538074183247359,
    0.8667403586342421
  ],
  "execution_time": 1.8322107791900635
}