{
  "overall_score": 0.9276237185086048,
  "balanced_score": 0.6208831850130112,
  "all_scores": [
    0.928,
    0.9047619047619048,
    0.9098143236074271,
    0.9177718832891246,
    0.9708994708994709,
    0.9365079365079365,
    0.91005291005291,
    0.9365079365079365,
    0.9177718832891246,
    0.9441489361702128
  ],
  "all_balanced_scores": [
    0.6726550606423198,
    0.5902737981534543,
    0.6235632183908045,
    0.6625159642401021,
    0.6308626149901976,
    0.5725632000586628,
    0.45241354466858785,
    0.6484994721761423,
    0.6078039927404718,
    0.7476809840693689
  ],
  "execution_time": 1.6896233558654785,
  "train_execution_time": 0.11385726928710938,
  "test_execution_time": 1.5490458011627197
}