{
  "overall_score": 0.9369202664703031,
  "balanced_score": 0.5355577488329877,
  "all_scores": [
    0.9493333333333334,
    0.9365079365079365,
    0.946949602122016,
    0.9257294429708223,
    0.9312169312169312,
    0.9232804232804233,
    0.9365079365079365,
    0.9312169312169312,
    0.9389920424403183,
    0.949468085106383
  ],
  "all_balanced_scores": [
    0.6471734892787524,
    0.5138597049771835,
    0.6416347381864623,
    0.44252873563218387,
    0.4123393488496791,
    0.43891272067315623,
    0.4478386167146974,
    0.5312672799477203,
    0.5996773543053036,
    0.6803454997647375
  ],
  "execution_time": 1.7494189739227295
}