{
  "overall_score": 0.9374493557718063,
  "balanced_score": 0.5052326313240354,
  "all_scores": [
    0.9466666666666667,
    0.9312169312169312,
    0.9442970822281167,
    0.9310344827586207,
    0.9365079365079365,
    0.9285714285714286,
    0.9259259259259259,
    0.9365079365079365,
    0.9442970822281167,
    0.949468085106383
  ],
  "all_balanced_scores": [
    0.6101364522417154,
    0.48052637164385015,
    0.5685185185185185,
    0.4444444444444444,
    0.4013304512475075,
    0.4408284294854168,
    0.37355907780979825,
    0.5331774996229829,
    0.5526315789473685,
    0.6471734892787524
  ],
  "execution_time": 1.5408809185028076
}