{
  "overall_score": 0.9300109639877799,
  "balanced_score": 0.6330431563054997,
  "all_scores": [
    0.9253333333333333,
    0.9285714285714286,
    0.9496021220159151,
    0.9071618037135278,
    0.9470899470899471,
    0.9259259259259259,
    0.9153439153439153,
    0.9285714285714286,
    0.9363395225464191,
    0.9361702127659575
  ],
  "all_balanced_scores": [
    0.671694445848852,
    0.6192401570625067,
    0.6693486590038313,
    0.6633461047254151,
    0.5307897250289046,
    0.6197684650497718,
    0.5031340057636887,
    0.628246116724476,
    0.6800564629965719,
    0.744807420850978
  ],
  "execution_time": 1.5355117321014404,
  "train_execution_time": 0.058179378509521484,
  "test_execution_time": 1.450817346572876
}