{
  "overall_score": 0.929502295745069,
  "balanced_score": 0.6022264795672609,
  "all_scores": [
    0.9386666666666666,
    0.9206349206349206,
    0.9310344827586207,
    0.9416445623342176,
    0.9206349206349206,
    0.9047619047619048,
    0.9285714285714286,
    0.9338624338624338,
    0.9204244031830239,
    0.9547872340425532
  ],
  "all_balanced_scores": [
    0.7291571869154154,
    0.5599225299798366,
    0.6422733077905491,
    0.6146871008939975,
    0.5009215972117496,
    0.46155291572714435,
    0.506736311239193,
    0.5977781129040366,
    0.6411373260738052,
    0.7680984069368825
  ],
  "execution_time": 1.5737848281860352,
  "train_execution_time": 0.03299212455749512,
  "test_execution_time": 1.5128095149993896
}