{
  "overall_score": 0.9692517318077011,
  "balanced_score": 0.8599856302262205,
  "all_scores": [
    0.973404255319149,
    0.9602122015915119,
    0.9549071618037135,
    0.9734748010610079,
    0.9734748010610079,
    0.9682539682539683,
    0.9630606860158312,
    0.9734748010610079,
    0.9787798408488063,
    0.9734748010610079
  ],
  "all_balanced_scores": [
    0.8638994950117009,
    0.8568533529845246,
    0.8540284942274625,
    0.9248956030459347,
    0.9081680830972616,
    0.840783833435395,
    0.756656082071324,
    0.8029353967084254,
    0.9073937607467453,
    0.8842422009334316
  ],
  "execution_time": 1.5783755779266357,
  "train_execution_time": 0.08562564849853516,
  "test_execution_time": 1.465254306793213
}