{
  "overall_score": 0.9605032910241041,
  "balanced_score": 0.7562680543703688,
  "all_scores": [
    0.9574468085106383,
    0.9496021220159151,
    0.9549071618037135,
    0.9681697612732095,
    0.9602122015915119,
    0.955026455026455,
    0.9525065963060686,
    0.9575596816976127,
    0.9708222811671088,
    0.9787798408488063
  ],
  "all_balanced_scores": [
    0.7131420125631235,
    0.7495701301891426,
    0.7523949889462049,
    0.7797838368951118,
    0.7845845136921624,
    0.6914268218003674,
    0.6900341963849536,
    0.7131540162122328,
    0.8218496683861459,
    0.8667403586342421
  ],
  "execution_time": 2.0564801692962646
}