{
  "overall_score": 0.9244518511351968,
  "balanced_score": 0.6000645136941267,
  "all_scores": [
    0.912,
    0.9285714285714286,
    0.9363395225464191,
    0.9230769230769231,
    0.9074074074074074,
    0.9259259259259259,
    0.9021164021164021,
    0.917989417989418,
    0.9496021220159151,
    0.9414893617021277
  ],
  "all_balanced_scores": [
    0.6308149496379437,
    0.6506632707205773,
    0.6284802043422734,
    0.6079821200510855,
    0.48489837296201344,
    0.5483189426020642,
    0.4627521613832853,
    0.5588699542552656,
    0.7172212139544264,
    0.7106439470323318
  ],
  "execution_time": 2.9940226078033447,
  "train_execution_time": 0.025937557220458984,
  "test_execution_time": 2.930285692214966
}