{
  "overall_score": 0.9355975076525332,
  "balanced_score": 0.5123521660320636,
  "all_scores": [
    0.9466666666666667,
    0.9232804232804233,
    0.9416445623342176,
    0.9310344827586207,
    0.9338624338624338,
    0.9285714285714286,
    0.9232804232804233,
    0.9338624338624338,
    0.9416445623342176,
    0.9521276595744681
  ],
  "all_balanced_scores": [
    0.6101364522417154,
    0.47766104213095617,
    0.5518518518518519,
    0.4444444444444444,
    0.400614118869284,
    0.4408284294854168,
    0.38461815561959656,
    0.5646006132810536,
    0.5840492034684411,
    0.6647173489278752
  ],
  "execution_time": 1.5128931999206543
}