{
  "overall_score": 0.9583840857704675,
  "balanced_score": 0.8223103601879004,
  "all_scores": [
    0.9627659574468085,
    0.9681697612732095,
    0.9734748010610079,
    0.9230769230769231,
    0.9549071618037135,
    0.955026455026455,
    0.9498680738786279,
    0.9761273209549072,
    0.9628647214854111,
    0.9575596816976127
  ],
  "all_balanced_scores": [
    0.8379110727922158,
    0.8407639400638663,
    0.8842422009334316,
    0.7151191353475805,
    0.7623347497639282,
    0.7320881812614819,
    0.7903028822667318,
    0.8653279292557111,
    0.8785924834193073,
    0.9164210267747481
  ],
  "execution_time": 461.22639513015747,
  "train_execution_time": 460.9179120063782,
  "test_execution_time": 0.2761054039001465
}