{
  "overall_score": 0.9692503097246726,
  "balanced_score": 0.8560104673492717,
  "all_scores": [
    0.9627659574468085,
    0.9655172413793104,
    0.9655172413793104,
    0.9761273209549072,
    0.9708222811671088,
    0.9682539682539683,
    0.9604221635883905,
    0.9734748010610079,
    0.9761273209549072,
    0.9734748010610079
  ],
  "all_balanced_scores": [
    0.8175883729523341,
    0.9003316138540899,
    0.8393515106853353,
    0.9466347334807172,
    0.8873347497639282,
    0.8611145131659522,
    0.7349169516365412,
    0.7826086956521738,
    0.9263080324244657,
    0.8639154998771801
  ],
  "execution_time": 3.146446704864502,
  "train_execution_time": 0.11985254287719727,
  "test_execution_time": 2.983414888381958
}