{
  "overall_score": 0.9122973575132785,
  "balanced_score": 0.5571529966151685,
  "all_scores": [
    0.9306666666666666,
    0.9126984126984127,
    0.9283819628647215,
    0.9416445623342176,
    0.8359788359788359,
    0.9312169312169312,
    0.9206349206349206,
    0.843915343915344,
    0.9336870026525199,
    0.9441489361702128
  ],
  "all_balanced_scores": [
    0.5517130963816843,
    0.577427570837313,
    0.5988505747126437,
    0.5675606641123883,
    0.4552941570736775,
    0.5336486461713322,
    0.4442363112391931,
    0.4989493791786055,
    0.6625126033474491,
    0.6813369630973987
  ],
  "execution_time": 265.2526354789734,
  "train_execution_time": 265.0017936229706,
  "test_execution_time": 0.21835041046142578
}