{
  "overall_score": 0.9644771885039791,
  "balanced_score": 0.7503446263463235,
  "all_scores": [
    0.9654255319148937,
    0.9522546419098143,
    0.9708222811671088,
    0.9681697612732095,
    0.9628647214854111,
    0.955026455026455,
    0.9656992084432717,
    0.9549071618037135,
    0.9734748010610079,
    0.9761273209549072
  ],
  "all_balanced_scores": [
    0.7377140041877078,
    0.7306558585114222,
    0.8015229673298945,
    0.7797838368951118,
    0.7665840415486307,
    0.6710961420698102,
    0.717391304347826,
    0.6710881847211987,
    0.8029353967084254,
    0.8246745271432081
  ],
  "execution_time": 1.565948247909546
}