{
  "overall_score": 0.9340088063481314,
  "balanced_score": 0.5208287333222272,
  "all_scores": [
    0.9466666666666667,
    0.9206349206349206,
    0.9442970822281167,
    0.9257294429708223,
    0.9312169312169312,
    0.9232804232804233,
    0.9312169312169312,
    0.9285714285714286,
    0.9336870026525199,
    0.9547872340425532
  ],
  "all_balanced_scores": [
    0.6101364522417154,
    0.4924174891223602,
    0.6045977011494252,
    0.4582375478927203,
    0.3998977864910605,
    0.45549872591614876,
    0.4103386167146974,
    0.5461016437942995,
    0.5488001613228474,
    0.682261208576998
  ],
  "execution_time": 2.5205118656158447
}