{
  "overall_score": 0.97137024277211,
  "balanced_score": 0.8651821053073772,
  "all_scores": [
    0.9707446808510638,
    0.9628647214854111,
    0.9628647214854111,
    0.9734748010610079,
    0.9734748010610079,
    0.9682539682539683,
    0.9683377308707124,
    0.9761273209549072,
    0.9814323607427056,
    0.9761273209549072
  ],
  "all_balanced_scores": [
    0.8421603645769183,
    0.8582657823630557,
    0.8379390813068042,
    0.9248956030459347,
    0.9081680830972616,
    0.8611145131659522,
    0.8204689789936492,
    0.8043478260869565,
    0.9088061901252764,
    0.8856546303119627
  ],
  "execution_time": 2.267322301864624,
  "train_execution_time": 0.10639023780822754,
  "test_execution_time": 2.1273739337921143
}