{
  "overall_score": 0.9668532212572598,
  "balanced_score": 0.798275438397701,
  "all_scores": [
    0.9521276595744681,
    0.9655172413793104,
    0.9628647214854111,
    0.9628647214854111,
    0.9655172413793104,
    0.9682539682539683,
    0.9736147757255936,
    0.9708222811671088,
    0.9761273209549072,
    0.9708222811671088
  ],
  "all_balanced_scores": [
    0.7306318512132036,
    0.7986981085728322,
    0.7769589781380496,
    0.8176123802505527,
    0.7874173748819642,
    0.7797917942437231,
    0.8029433317049341,
    0.7811962662736428,
    0.8856546303119627,
    0.8218496683861459
  ],
  "execution_time": 20.83169436454773,
  "train_execution_time": 19.697723865509033,
  "test_execution_time": 1.1051864624023438
}