{
  "overall_score": 0.9472406766242922,
  "balanced_score": 0.8238739699894563,
  "all_scores": [
    0.9468085106382979,
    0.9283819628647215,
    0.9124668435013262,
    0.9496021220159151,
    0.9708222811671088,
    0.9444444444444444,
    0.9525065963060686,
    0.946949602122016,
    0.9575596816976127,
    0.9628647214854111
  ],
  "all_balanced_scores": [
    0.809089789382929,
    0.8195774993859002,
    0.8517563252272169,
    0.7902235323016458,
    0.9067516525023607,
    0.7264543784445805,
    0.8120420127015144,
    0.7684844018668632,
    0.8960943257184967,
    0.8582657823630557
  ],
  "execution_time": 358.7595167160034,
  "train_execution_time": 358.4761872291565,
  "test_execution_time": 0.2529592514038086
}