{
  "overall_score": 0.9273621038618801,
  "balanced_score": 0.8357282075791677,
  "all_scores": [
    0.9095744680851063,
    0.9124668435013262,
    0.9151193633952255,
    0.9363395225464191,
    0.9177718832891246,
    0.9338624338624338,
    0.9102902374670184,
    0.9628647214854111,
    0.9177718832891246,
    0.9575596816976127
  ],
  "all_balanced_scores": [
    0.8502278605739624,
    0.8111029231147138,
    0.8734954556619995,
    0.8238147875214935,
    0.8590061378659113,
    0.8021432945499081,
    0.6878969223253542,
    0.8379390813068042,
    0.8952345860967821,
    0.9164210267747481
  ],
  "execution_time": 203.82294726371765,
  "train_execution_time": 203.58508563041687,
  "test_execution_time": 0.20914816856384277
}