{
  "overall_score": 0.9604990843190085,
  "balanced_score": 0.7643065613208034,
  "all_scores": [
    0.9521276595744681,
    0.946949602122016,
    0.9628647214854111,
    0.9655172413793104,
    0.9628647214854111,
    0.9497354497354498,
    0.9604221635883905,
    0.9602122015915119,
    0.9655172413793104,
    0.9787798408488063
  ],
  "all_balanced_scores": [
    0.7306318512132036,
    0.7278309997543602,
    0.7972856791943012,
    0.7783714075165806,
    0.8054178470254958,
    0.708940600122474,
    0.7145823155837812,
    0.7348931466470154,
    0.7986981085728322,
    0.8464136575779906
  ],
  "execution_time": 1.5432333946228027
}