{
  "overall_score": 0.9681879094265341,
  "balanced_score": 0.8534144147457423,
  "all_scores": [
    0.9627659574468085,
    0.9681697612732095,
    0.9814323607427056,
    0.9681697612732095,
    0.9708222811671088,
    0.9576719576719577,
    0.9683377308707124,
    0.9734748010610079,
    0.9681697612732095,
    0.9628647214854111
  ],
  "all_balanced_scores": [
    0.7972656731124523,
    0.9220707442888725,
    0.8884794890690249,
    0.8610906411201179,
    0.8873347497639282,
    0.7538273116962646,
    0.8408036150464093,
    0.8639154998771801,
    0.8610906411201179,
    0.8582657823630557
  ],
  "execution_time": 2.331926107406616,
  "train_execution_time": 0.019214391708374023,
  "test_execution_time": 2.277127504348755
}