{
  "overall_score": 0.9652736462265341,
  "balanced_score": 0.8538036263244893,
  "all_scores": [
    0.9680851063829787,
    0.9496021220159151,
    0.9602122015915119,
    0.9734748010610079,
    0.9734748010610079,
    0.9603174603174603,
    0.9630606860158312,
    0.9734748010610079,
    0.9708222811671088,
    0.9602122015915119
  ],
  "all_balanced_scores": [
    0.8407439339820175,
    0.8308769344141489,
    0.8365266519282731,
    0.9045689019896832,
    0.9081680830972616,
    0.7755664421310471,
    0.8176599902296042,
    0.8435887988209285,
    0.9031564726111521,
    0.8771800540407763
  ],
  "execution_time": 1.5677099227905273,
  "train_execution_time": 0.02512955665588379,
  "test_execution_time": 1.5141165256500244
}