{
  "overall_score": 0.9499261184553021,
  "balanced_score": 0.8476660081047804,
  "all_scores": [
    0.9574468085106383,
    0.9496021220159151,
    0.9522546419098143,
    0.9602122015915119,
    0.9628647214854111,
    0.9365079365079365,
    0.899736147757256,
    0.9549071618037135,
    0.9549071618037135,
    0.9708222811671088
  ],
  "all_balanced_scores": [
    0.8554009114422958,
    0.871530336526652,
    0.8526160648489314,
    0.8365266519282731,
    0.9025023607176582,
    0.7832210655235763,
    0.8449560332193454,
    0.833701793171211,
    0.833701793171211,
    0.8625030704986489
  ],
  "execution_time": 319.6300377845764,
  "train_execution_time": 319.3384048938751,
  "test_execution_time": 0.2560248374938965
}