{
  "overall_score": 0.9363862351447093,
  "balanced_score": 0.506415642889925,
  "all_scores": [
    0.944,
    0.9338624338624338,
    0.9363395225464191,
    0.9257294429708223,
    0.9338624338624338,
    0.9259259259259259,
    0.9365079365079365,
    0.9338624338624338,
    0.9416445623342176,
    0.9521276595744681
  ],
  "all_balanced_scores": [
    0.5730994152046783,
    0.48148148148148145,
    0.5138569604086846,
    0.44252873563218387,
    0.3881725565106654,
    0.43987057507928645,
    0.4117795389048991,
    0.5646006132810536,
    0.5840492034684411,
    0.6647173489278752
  ],
  "execution_time": 2.054060459136963
}