{
  "overall_score": 0.9310945281288643,
  "balanced_score": 0.5492604928674203,
  "all_scores": [
    0.944,
    0.9153439153439153,
    0.9416445623342176,
    0.9257294429708223,
    0.9312169312169312,
    0.9232804232804233,
    0.917989417989418,
    0.9259259259259259,
    0.9336870026525199,
    0.9521276595744681
  ],
  "all_balanced_scores": [
    0.6091758374482475,
    0.5219303831051681,
    0.6397190293742018,
    0.5461047254150703,
    0.42478091120829775,
    0.45549872591614876,
    0.4185158501440922,
    0.5617352837681597,
    0.5811756402500504,
    0.7339685420447671
  ],
  "execution_time": 1.5223610401153564
}