{
  "overall_score": 0.9329351187602104,
  "balanced_score": 0.637056574055882,
  "all_scores": [
    0.9413333333333334,
    0.9259259259259259,
    0.9602122015915119,
    0.9071618037135278,
    0.955026455026455,
    0.9312169312169312,
    0.917989417989418,
    0.9232804232804233,
    0.9310344827586207,
    0.9361702127659575
  ],
  "all_balanced_scores": [
    0.677458134609659,
    0.6182850472248753,
    0.7720945083014049,
    0.6115581098339719,
    0.5329387221635751,
    0.6382701791050248,
    0.5038544668587897,
    0.5931583974262303,
    0.6781407541843114,
    0.744807420850978
  ],
  "execution_time": 1.7948222160339355,
  "train_execution_time": 0.06024789810180664,
  "test_execution_time": 1.706888198852539
}