{
  "overall_score": 0.6930582909685624,
  "balanced_score": 0.4987167681790024,
  "all_scores": [
    0.9493333333333334,
    0.9126984126984127,
    0.7506631299734748,
    0.5941644562334217,
    0.6402116402116402,
    0.3888888888888889,
    0.671957671957672,
    0.9312169312169312,
    0.6153846153846154,
    0.47606382978723405
  ],
  "all_balanced_scores": [
    0.6666666666666666,
    0.629221054865754,
    0.55970625798212,
    0.43742017879948913,
    0.4169054441260745,
    0.37556600487634967,
    0.3772334293948127,
    0.5304680038204393,
    0.4812260536398467,
    0.5127545876184715
  ],
  "execution_time": 430.3802344799042,
  "train_execution_time": 430.1193814277649,
  "test_execution_time": 0.22347068786621094
}