{
  "overall_score": 0.9591679159716694,
  "balanced_score": 0.7536181532884918,
  "all_scores": [
    0.949468085106383,
    0.946949602122016,
    0.9655172413793104,
    0.9575596816976127,
    0.9575596816976127,
    0.955026455026455,
    0.9656992084432717,
    0.9549071618037135,
    0.9602122015915119,
    0.9787798408488063
  ],
  "all_balanced_scores": [
    0.708892720778421,
    0.7278309997543602,
    0.7986981085728322,
    0.7334807172684844,
    0.763751180358829,
    0.7117575015309247,
    0.7783952125061064,
    0.6914148857774502,
    0.7755465487595186,
    0.8464136575779906
  ],
  "execution_time": 1.508728265762329
}