{
  "overall_score": 0.9377075680576048,
  "balanced_score": 0.5039934867973584,
  "all_scores": [
    0.9413333333333334,
    0.9365079365079365,
    0.9389920424403183,
    0.9310344827586207,
    0.9338624338624338,
    0.9312169312169312,
    0.9338624338624338,
    0.9391534391534392,
    0.9416445623342176,
    0.949468085106383
  ],
  "all_balanced_scores": [
    0.5555555555555555,
    0.4981481481481482,
    0.5148148148148148,
    0.4444444444444444,
    0.3881725565106654,
    0.441786283891547,
    0.39927953890489915,
    0.5665108329563163,
    0.5840492034684411,
    0.6471734892787524
  ],
  "execution_time": 1.552551507949829
}