{
  "overall_score": 0.9692587156106146,
  "balanced_score": 0.8539813736180936,
  "all_scores": [
    0.9627659574468085,
    0.9734748010610079,
    0.9761273209549072,
    0.9628647214854111,
    0.9708222811671088,
    0.9576719576719577,
    0.9498680738786279,
    0.9893899204244032,
    0.9761273209549072,
    0.9734748010610079
  ],
  "all_balanced_scores": [
    0.7769429732725706,
    0.9248956030459347,
    0.8653279292557111,
    0.8379390813068042,
    0.8873347497639282,
    0.7538273116962646,
    0.7292989741084515,
    0.9130434782608696,
    0.9466347334807172,
    0.9045689019896832
  ],
  "execution_time": 1.8299391269683838,
  "train_execution_time": 0.01510930061340332,
  "test_execution_time": 1.7852625846862793
}