{
  "overall_score": 0.9612990543983406,
  "balanced_score": 0.7787802064418183,
  "all_scores": [
    0.9574468085106383,
    0.946949602122016,
    0.9522546419098143,
    0.9708222811671088,
    0.9681697612732095,
    0.9444444444444444,
    0.9577836411609498,
    0.9655172413793104,
    0.9681697612732095,
    0.9814323607427056
  ],
  "all_balanced_scores": [
    0.753787412242887,
    0.7481577008106116,
    0.7509825595676738,
    0.8015229673298945,
    0.8470845136921624,
    0.685793018983466,
    0.7335124572545189,
    0.7783714075165806,
    0.8001105379513633,
    0.8884794890690249
  ],
  "execution_time": 3.2322113513946533
}