{
  "overall_score": 0.9692496229006032,
  "balanced_score": 0.843813646491243,
  "all_scores": [
    0.9707446808510638,
    0.9681697612732095,
    0.9681697612732095,
    0.9734748010610079,
    0.9628647214854111,
    0.9735449735449735,
    0.9630606860158312,
    0.9602122015915119,
    0.9787798408488063,
    0.9734748010610079
  ],
  "all_balanced_scores": [
    0.8421603645769183,
    0.8610906411201179,
    0.8407639400638663,
    0.8842422009334316,
    0.8830854579792257,
    0.8436007348438457,
    0.776990718124084,
    0.755219847703267,
    0.8870670596904937,
    0.8639154998771801
  ],
  "execution_time": 1.8153228759765625,
  "train_execution_time": 0.04992842674255371,
  "test_execution_time": 1.7338664531707764
}