{
  "overall_score": 0.9628884574571279,
  "balanced_score": 0.7534739095976258,
  "all_scores": [
    0.9574468085106383,
    0.9496021220159151,
    0.9708222811671088,
    0.9681697612732095,
    0.9655172413793104,
    0.9576719576719577,
    0.9551451187335093,
    0.9522546419098143,
    0.9761273209549072,
    0.9761273209549072
  ],
  "all_balanced_scores": [
    0.6928193127232418,
    0.7292434291328912,
    0.8015229673298945,
    0.7797838368951118,
    0.7874173748819642,
    0.6928352725045928,
    0.6914386907669761,
    0.6696757553426677,
    0.8450012281994597,
    0.8450012281994597
  ],
  "execution_time": 2.0088422298431396
}