{
  "overall_score": 0.9281577198839857,
  "balanced_score": 0.6166195623871734,
  "all_scores": [
    0.9253333333333333,
    0.9126984126984127,
    0.9124668435013262,
    0.9336870026525199,
    0.9629629629629629,
    0.9391534391534392,
    0.9074074074074074,
    0.917989417989418,
    0.9257294429708223,
    0.9441489361702128
  ],
  "all_balanced_scores": [
    0.671694445848852,
    0.5931391276663484,
    0.6245210727969348,
    0.6839719029374202,
    0.6162720554969084,
    0.6028662303616932,
    0.4399135446685879,
    0.5754587040667571,
    0.6106775559588626,
    0.7476809840693689
  ],
  "execution_time": 1.825242042541504,
  "train_execution_time": 0.13759756088256836,
  "test_execution_time": 1.659609317779541
}