{
  "overall_score": 0.9700453751361942,
  "balanced_score": 0.8586488192073931,
  "all_scores": [
    0.9680851063829787,
    0.9549071618037135,
    0.9734748010610079,
    0.9628647214854111,
    0.9681697612732095,
    0.9708994708994709,
    0.9630606860158312,
    0.986737400530504,
    0.9734748010610079,
    0.9787798408488063
  ],
  "all_balanced_scores": [
    0.8610666338218993,
    0.8133750921149594,
    0.9248956030459347,
    0.8176123802505527,
    0.8470845136921624,
    0.8218616044090631,
    0.7973253541768441,
    0.8913043478260869,
    0.9045689019896832,
    0.9073937607467453
  ],
  "execution_time": 1.5629358291625977,
  "train_execution_time": 0.06771707534790039,
  "test_execution_time": 1.4679574966430664
}