{
  "overall_score": 0.9276532545550156,
  "balanced_score": 0.5612899527466748,
  "all_scores": [
    0.9413333333333334,
    0.9126984126984127,
    0.9442970822281167,
    0.9283819628647215,
    0.917989417989418,
    0.91005291005291,
    0.9126984126984127,
    0.9259259259259259,
    0.9336870026525199,
    0.949468085106383
  ],
  "all_balanced_scores": [
    0.644291644898349,
    0.5570572004669426,
    0.6720945083014048,
    0.5627713920817369,
    0.4211992493171802,
    0.4341234486425049,
    0.4288544668587896,
    0.5617352837681597,
    0.5811756402500504,
    0.7495966928816293
  ],
  "execution_time": 1.8264055252075195
}