{
  "overall_score": 0.9337435506261625,
  "balanced_score": 0.5472572142289815,
  "all_scores": [
    0.9466666666666667,
    0.9312169312169312,
    0.9442970822281167,
    0.9257294429708223,
    0.9259259259259259,
    0.917989417989418,
    0.9312169312169312,
    0.9259259259259259,
    0.9363395225464191,
    0.9521276595744681
  ],
  "all_balanced_scores": [
    0.6462128744852845,
    0.5276610421309561,
    0.640676883780332,
    0.49431673052362707,
    0.4109066840932321,
    0.4369970118608957,
    0.45745677233429394,
    0.5617352837681597,
    0.5987194998991732,
    0.6978893594138603
  ],
  "execution_time": 1.4823658466339111
}