{
  "overall_score": 0.9308102585303611,
  "balanced_score": 0.42500780538647354,
  "all_scores": [
    0.9333333333333333,
    0.9259259259259259,
    0.9310344827586207,
    0.9336870026525199,
    0.9417989417989417,
    0.9285714285714286,
    0.9259259259259259,
    0.9232804232804233,
    0.9310344827586207,
    0.9335106382978723
  ],
  "all_balanced_scores": [
    0.4444444444444444,
    0.44253422476918175,
    0.4444444444444444,
    0.48148148148148145,
    0.4444444444444444,
    0.42424242424242425,
    0.325,
    0.3333333333333333,
    0.4657088122605364,
    0.4444444444444444
  ],
  "execution_time": 14.208275079727173,
  "train_execution_time": 12.935756921768188,
  "test_execution_time": 1.245833396911621
}