{
  "overall_score": 0.9297499560302203,
  "balanced_score": 0.41232262020128835,
  "all_scores": [
    0.9333333333333333,
    0.9259259259259259,
    0.9230769230769231,
    0.9336870026525199,
    0.9391534391534392,
    0.9285714285714286,
    0.9232804232804233,
    0.9285714285714286,
    0.9257294429708223,
    0.9361702127659575
  ],
  "all_balanced_scores": [
    0.4444444444444444,
    0.44253422476918175,
    0.3333333333333333,
    0.48148148148148145,
    0.41666666666666663,
    0.42424242424242425,
    0.3,
    0.39999999999999997,
    0.39904214559386975,
    0.48148148148148145
  ],
  "execution_time": 29.670135498046875,
  "train_execution_time": 27.49683427810669,
  "test_execution_time": 2.134248733520508
}