{
  "overall_score": 0.9247129077655856,
  "balanced_score": 0.6136271198476257,
  "all_scores": [
    0.9173333333333333,
    0.9206349206349206,
    0.9522546419098143,
    0.9177718832891246,
    0.9338624338624338,
    0.9232804232804233,
    0.9021164021164021,
    0.9232804232804233,
    0.9204244031830239,
    0.9361702127659575
  ],
  "all_balanced_scores": [
    0.510833600170776,
    0.6117160140082776,
    0.6499361430395914,
    0.6310983397190294,
    0.5688893915782771,
    0.6188106106436415,
    0.4995317002881844,
    0.6429246468607047,
    0.6577233313167977,
    0.744807420850978
  ],
  "execution_time": 1.6115994453430176,
  "train_execution_time": 0.033277034759521484,
  "test_execution_time": 1.5512573719024658
}