{
  "overall_score": 0.9393019168435164,
  "balanced_score": 0.5430807808184778,
  "all_scores": [
    0.9493333333333334,
    0.9391534391534392,
    0.9522546419098143,
    0.9283819628647215,
    0.9417989417989417,
    0.9259259259259259,
    0.9338624338624338,
    0.9365079365079365,
    0.9389920424403183,
    0.9468085106382979
  ],
  "all_balanced_scores": [
    0.6471734892787524,
    0.5869786692136262,
    0.6592592592592593,
    0.4231162196679438,
    0.456886006803063,
    0.43987057507928645,
    0.4603386167146974,
    0.532378223495702,
    0.614670296430732,
    0.6101364522417154
  ],
  "execution_time": 23.045281410217285,
  "train_execution_time": 21.699501276016235,
  "test_execution_time": 1.310426950454712
}