{
  "overall_score": 0.9329273324213897,
  "balanced_score": 0.6424213297903596,
  "all_scores": [
    0.9253333333333333,
    0.9312169312169312,
    0.9522546419098143,
    0.9257294429708223,
    0.9444444444444444,
    0.9285714285714286,
    0.9126984126984127,
    0.9338624338624338,
    0.9389920424403183,
    0.9361702127659575
  ],
  "all_balanced_scores": [
    0.671694445848852,
    0.6359068237291733,
    0.7017241379310345,
    0.6857598978288634,
    0.5176318302920625,
    0.6207263194559021,
    0.5024135446685879,
    0.6625345598954406,
    0.6810143174027022,
    0.744807420850978
  ],
  "execution_time": 32.13431191444397,
  "train_execution_time": 29.992223978042603,
  "test_execution_time": 2.095468521118164
}