{
  "overall_score": 0.9324165814892155,
  "balanced_score": 0.5376641890949467,
  "all_scores": [
    0.9466666666666667,
    0.9232804232804233,
    0.9416445623342176,
    0.9257294429708223,
    0.9285714285714286,
    0.9285714285714286,
    0.9206349206349206,
    0.9285714285714286,
    0.9336870026525199,
    0.9468085106382979
  ],
  "all_balanced_scores": [
    0.6101364522417154,
    0.5090841557890269,
    0.6397190293742018,
    0.5303959131545338,
    0.399181454112837,
    0.4574144347284093,
    0.40745677233429395,
    0.562690393605791,
    0.5811756402500504,
    0.6793876453586073
  ],
  "execution_time": 1.498049020767212
}