{
  "overall_score": 0.9308320830089724,
  "balanced_score": 0.540132513868798,
  "all_scores": [
    0.9413333333333334,
    0.91005291005291,
    0.9416445623342176,
    0.9310344827586207,
    0.9312169312169312,
    0.917989417989418,
    0.9232804232804233,
    0.9232804232804233,
    0.9283819628647215,
    0.9601063829787234
  ],
  "all_balanced_scores": [
    0.6082152226547798,
    0.5043086066008702,
    0.603639846743295,
    0.5637292464878672,
    0.42478091120829775,
    0.4535830171038882,
    0.4317363112391931,
    0.5441914241190369,
    0.5302984472675942,
    0.7368421052631579
  ],
  "execution_time": 2.0947070121765137
}