{
  "overall_score": 0.9281654126097267,
  "balanced_score": 0.610691971697773,
  "all_scores": [
    0.9146666666666666,
    0.917989417989418,
    0.9442970822281167,
    0.9310344827586207,
    0.917989417989418,
    0.91005291005291,
    0.9312169312169312,
    0.9259259259259259,
    0.9310344827586207,
    0.9574468085106383
  ],
  "all_balanced_scores": [
    0.5986090747201015,
    0.5997081608829459,
    0.6313537675606641,
    0.6358876117496807,
    0.500205264833526,
    0.52598581092229,
    0.5427953890489914,
    0.5949127833911426,
    0.6781407541843114,
    0.799321099684076
  ],
  "execution_time": 2.140441417694092,
  "train_execution_time": 0.14224839210510254,
  "test_execution_time": 1.960113763809204
}