{
  "overall_score": 0.9583763592434371,
  "balanced_score": 0.7572613516854845,
  "all_scores": [
    0.949468085106383,
    0.9442970822281167,
    0.9628647214854111,
    0.9575596816976127,
    0.9549071618037135,
    0.955026455026455,
    0.9577836411609498,
    0.9575596816976127,
    0.9655172413793104,
    0.9787798408488063
  ],
  "all_balanced_scores": [
    0.6885700209385393,
    0.7467452714320806,
    0.7972856791943012,
    0.7334807172684844,
    0.7623347497639282,
    0.7117575015309247,
    0.753847093307279,
    0.7131540162122328,
    0.7986981085728322,
    0.8667403586342421
  ],
  "execution_time": 1.4854066371917725
}