{
  "overall_score": 0.9149224689904806,
  "balanced_score": 0.5651981791347653,
  "all_scores": [
    0.9226666666666666,
    0.8994708994708994,
    0.9071618037135278,
    0.9204244031830239,
    0.9074074074074074,
    0.9047619047619048,
    0.9021164021164021,
    0.9126984126984127,
    0.9336870026525199,
    0.9388297872340425
  ],
  "all_balanced_scores": [
    0.6180741639561601,
    0.5522816512787859,
    0.602234993614304,
    0.5959770114942528,
    0.41833391980428625,
    0.4653797503162294,
    0.4502521613832853,
    0.556959734580003,
    0.6467231296632385,
    0.7457652752571082
  ],
  "execution_time": 1.5163164138793945
}