{
  "overall_score": 0.9636807196427786,
  "balanced_score": 0.7297745601619414,
  "all_scores": [
    0.9601063829787234,
    0.9628647214854111,
    0.9734748010610079,
    0.9575596816976127,
    0.9602122015915119,
    0.9576719576719577,
    0.9630606860158312,
    0.9549071618037135,
    0.9708222811671088,
    0.9761273209549072
  ],
  "all_balanced_scores": [
    0.7145584431580244,
    0.7566322770817981,
    0.8029353967084254,
    0.7131540162122328,
    0.726333805476865,
    0.6521739130434783,
    0.6956521739130435,
    0.6304347826086957,
    0.7811962662736428,
    0.8246745271432081
  ],
  "execution_time": 1.602785587310791
}