{
  "overall_score": 0.9347996390446868,
  "balanced_score": 0.5364659814753475,
  "all_scores": [
    0.9466666666666667,
    0.9285714285714286,
    0.9416445623342176,
    0.9283819628647215,
    0.9312169312169312,
    0.9285714285714286,
    0.9259259259259259,
    0.9312169312169312,
    0.9389920424403183,
    0.9468085106382979
  ],
  "all_balanced_scores": [
    0.6101364522417154,
    0.5109943754642895,
    0.6397190293742018,
    0.5313537675606641,
    0.3998977864910605,
    0.4574144347284093,
    0.4213976945244957,
    0.5312672799477203,
    0.583091349062311,
    0.6793876453586073
  ],
  "execution_time": 1.7632997035980225
}