{
  "overall_score": 0.9578507673680804,
  "balanced_score": 0.7018226645805477,
  "all_scores": [
    0.9521276595744681,
    0.9655172413793104,
    0.9602122015915119,
    0.946949602122016,
    0.9681697612732095,
    0.9444444444444444,
    0.9551451187335093,
    0.9549071618037135,
    0.9628647214854111,
    0.9681697612732095
  ],
  "all_balanced_scores": [
    0.6696637516935583,
    0.7377180054040776,
    0.7755465487595186,
    0.6261974944731025,
    0.82766761095373,
    0.5841396203306797,
    0.6507694186614559,
    0.6507614836649471,
    0.7363055760255466,
    0.7594571358388602
  ],
  "execution_time": 19.533572912216187,
  "train_execution_time": 17.716956615447998,
  "test_execution_time": 1.779473066329956
}