{
  "overall_score": 0.9567883671290328,
  "balanced_score": 0.6976456490360402,
  "all_scores": [
    0.9574468085106383,
    0.9575596816976127,
    0.9549071618037135,
    0.9575596816976127,
    0.9575596816976127,
    0.9497354497354498,
    0.9577836411609498,
    0.946949602122016,
    0.9602122015915119,
    0.9681697612732095
  ],
  "all_balanced_scores": [
    0.7334647124030054,
    0.7131540162122328,
    0.7320682878899534,
    0.7334807172684844,
    0.7249173748819641,
    0.6479485609308022,
    0.6725085490962384,
    0.5855440923605993,
    0.6942397445345124,
    0.7391304347826086
  ],
  "execution_time": 29.23509979248047,
  "train_execution_time": 26.727277517318726,
  "test_execution_time": 2.464580774307251
}