{
  "overall_score": 0.9703141395119067,
  "balanced_score": 0.8545427667598489,
  "all_scores": [
    0.973404255319149,
    0.9761273209549072,
    0.9655172413793104,
    0.9734748010610079,
    0.9681697612732095,
    0.9682539682539683,
    0.9604221635883905,
    0.9787798408488063,
    0.9681697612732095,
    0.9708222811671088
  ],
  "all_balanced_scores": [
    0.8842221948515827,
    0.9059813313682141,
    0.8190248096290837,
    0.8842422009334316,
    0.8859183191690274,
    0.8204531537048377,
    0.7552515876893013,
    0.8870670596904937,
    0.8407639400638663,
    0.8625030704986489
  ],
  "execution_time": 1.5604264736175537,
  "train_execution_time": 0.0365598201751709,
  "test_execution_time": 1.495896577835083
}