{
  "overall_score": 0.9695148785930268,
  "balanced_score": 0.8480206275077771,
  "all_scores": [
    0.9707446808510638,
    0.9655172413793104,
    0.9708222811671088,
    0.9708222811671088,
    0.9628647214854111,
    0.9682539682539683,
    0.9656992084432717,
    0.9708222811671088,
    0.9708222811671088,
    0.9787798408488063
  ],
  "all_balanced_scores": [
    0.8421603645769183,
    0.8596782117415869,
    0.8421763694423974,
    0.8625030704986489,
    0.8830854579792257,
    0.8204531537048377,
    0.7987298485588666,
    0.8015229673298945,
    0.8828297715549005,
    0.8870670596904937
  ],
  "execution_time": 1.9302611351013184,
  "train_execution_time": 0.05701565742492676,
  "test_execution_time": 1.8411290645599365
}