{
  "overall_score": 0.9615614957557931,
  "balanced_score": 0.7327119394828928,
  "all_scores": [
    0.9547872340425532,
    0.9602122015915119,
    0.9734748010610079,
    0.9602122015915119,
    0.9602122015915119,
    0.9523809523809523,
    0.9577836411609498,
    0.9496021220159151,
    0.9708222811671088,
    0.9761273209549072
  ],
  "all_balanced_scores": [
    0.6914028821283409,
    0.755219847703267,
    0.8029353967084254,
    0.7348931466470154,
    0.726333805476865,
    0.6493570116350276,
    0.6928431851489986,
    0.6276099238516335,
    0.8015229673298945,
    0.8450012281994597
  ],
  "execution_time": 2.2189435958862305
}