{
  "overall_score": 0.9260237223606262,
  "balanced_score": 0.6172046740542354,
  "all_scores": [
    0.9226666666666666,
    0.9021164021164021,
    0.9151193633952255,
    0.9283819628647215,
    0.9656084656084656,
    0.9338624338624338,
    0.9153439153439153,
    0.9338624338624338,
    0.9283819628647215,
    0.9148936170212766
  ],
  "all_balanced_scores": [
    0.6180741639561601,
    0.5532367611164173,
    0.6615581098339719,
    0.6663473818646232,
    0.6045468255165134,
    0.5971236869603476,
    0.4295749279538905,
    0.679922585834213,
    0.677182899778181,
    0.6844793977280365
  ],
  "execution_time": 1.7767329216003418,
  "train_execution_time": 0.0626366138458252,
  "test_execution_time": 1.6858735084533691
}