{
  "overall_score": 0.9342620878971577,
  "balanced_score": 0.4738935014273419,
  "all_scores": [
    0.9413333333333334,
    0.9285714285714286,
    0.9310344827586207,
    0.9336870026525199,
    0.9391534391534392,
    0.9259259259259259,
    0.9285714285714286,
    0.9338624338624338,
    0.9389920424403183,
    0.9414893617021277
  ],
  "all_balanced_scores": [
    0.5555555555555555,
    0.47957126180621884,
    0.4444444444444444,
    0.48148148148148145,
    0.41666666666666663,
    0.4232845698362939,
    0.35,
    0.4666666666666666,
    0.5657088122605364,
    0.5555555555555555
  ],
  "execution_time": 28.855826139450073,
  "train_execution_time": 26.484926223754883,
  "test_execution_time": 2.332778215408325
}