{
  "overall_score": 0.9337287657914217,
  "balanced_score": 0.4779167169792145,
  "all_scores": [
    0.9386666666666666,
    0.9338624338624338,
    0.9310344827586207,
    0.9283819628647215,
    0.9338624338624338,
    0.9285714285714286,
    0.9285714285714286,
    0.9365079365079365,
    0.9363395225464191,
    0.9414893617021277
  ],
  "all_balanced_scores": [
    0.5185185185185185,
    0.5536453358802929,
    0.4444444444444444,
    0.40740740740740744,
    0.41523400191021964,
    0.4408284294854168,
    0.3742795389048991,
    0.5165887498114915,
    0.5165860052429926,
    0.5916347381864623
  ],
  "execution_time": 33.10814118385315,
  "train_execution_time": 30.21943736076355,
  "test_execution_time": 2.843552827835083
}