{
  "overall_score": 0.9631509173888384,
  "balanced_score": 0.7457542263766809,
  "all_scores": [
    0.9601063829787234,
    0.9602122015915119,
    0.9628647214854111,
    0.9575596816976127,
    0.9628647214854111,
    0.955026455026455,
    0.9630606860158312,
    0.9628647214854111,
    0.9761273209549072,
    0.9708222811671088
  ],
  "all_balanced_scores": [
    0.7552038428377879,
    0.7348931466470154,
    0.8176123802505527,
    0.7334807172684844,
    0.7277502360717658,
    0.6507654623392529,
    0.7159868099658037,
    0.715978874969295,
    0.8450012281994597,
    0.7608695652173914
  ],
  "execution_time": 29.564602613449097,
  "train_execution_time": 27.029842138290405,
  "test_execution_time": 2.4900355339050293
}