{
  "overall_score": 0.9650097902512111,
  "balanced_score": 0.7546018704879248,
  "all_scores": [
    0.9654255319148937,
    0.9602122015915119,
    0.9734748010610079,
    0.9575596816976127,
    0.9708222811671088,
    0.9576719576719577,
    0.9604221635883905,
    0.9628647214854111,
    0.9734748010610079,
    0.9681697612732095
  ],
  "all_balanced_scores": [
    0.7783594038674713,
    0.7348931466470154,
    0.8639154998771801,
    0.7334807172684844,
    0.7902502360717658,
    0.6521739130434783,
    0.6942476795310211,
    0.715978874969295,
    0.823262097764677,
    0.7594571358388602
  ],
  "execution_time": 19.722558975219727,
  "train_execution_time": 17.74181294441223,
  "test_execution_time": 1.9391047954559326
}